Date,Overall Quality Score,Quality Level
2026-09-08 21:14:28,87.14,Good
2026-09-08 21:15:00,87.14,Good
2026-09-08 21:15:08,87.14,Good
2026-09-08 21:17:55,87.14,Good
2026-09-08 21:32:27,87.14,Good
2026-09-08 21:32:40,87.14,Good
2026-09-08 21:32:45,87.14,Good
2026-09-08 21:32:51,87.14,Good
2026-09-08 21:32:58,87.14,Good
2026-09-08 21:33:04,87.14,Good
2026-09-08 21:34:36,86.75,Good
2026-09-08 21:34:47,86.75,Good
2026-09-08 21:35:25,86.75,Good
2026-09-08 21:35:34,86.75,Good
2026-09-08 21:35:40,86.75,Good
2026-09-08 21:35:45,86.75,Good
2026-09-08 21:35:49,86.75,Good
2026-09-08 21:39:07,87.14,Good
2026-09-08 21:39:20,87.14,Good
2026-09-08 21:39:31,86.75,Good
2026-09-08 21:39:40,86.75,Good
2026-09-08 21:39:53,87.14,Good
2026-09-08 21:40:03,86.75,Good
2026-09-08 21:40:07,87.14,Good
2026-09-08 21:40:55,86.75,Good
2026-09-08 21:41:02,86.75,Good
2026-09-08 21:41:09,86.75,Good
2026-09-08 21:41:12,86.75,Good
2026-09-08 21:41:17,86.75,Good
2026-09-08 21:41:22,86.75,Good
2026-09-08 21:41:35,86.75,Good
2026-09-08 21:41:42,86.75,Good
2026-09-08 21:42:19,87.14,Good
2026-09-08 21:49:45,87.14,Good
2026-09-08 21:49:56,87.14,Good
2026-09-08 21:50:15,87.14,Good
2026-09-08 21:50:30,87.14,Good
2026-09-08 21:50:31,87.14,Good
2026-09-08 21:51:06,87.14,Good
2026-09-08 21:51:17,87.14,Good
2026-09-08 21:51:27,87.14,Good
2026-09-08 21:51:34,87.14,Good
2026-09-08 21:51:45,87.14,Good
2026-09-08 21:51:56,87.14,Good
2026-09-08 21:54:55,87.14,Good
2026-09-08 21:55:02,87.14,Good
2026-09-08 21:55:12,87.14,Good
2026-09-08 21:55:16,87.14,Good
2026-09-08 21:55:20,87.14,Good
2026-09-08 21:55:23,87.14,Good
2026-09-08 21:55:50,87.14,Good
2026-09-08 21:55:56,87.14,Good
2026-09-08 21:59:11,87.14,Good
2026-09-08 21:59:22,87.14,Good
2026-09-08 21:59:32,87.14,Good
2026-09-08 21:59:43,87.14,Good
2026-09-08 21:59:48,87.14,Good
2026-09-08 21:59:51,87.14,Good
2026-09-08 22:01:39,87.14,Good
2026-09-08 22:01:44,87.14,Good
2026-09-08 22:01:49,87.14,Good
2026-09-08 22:01:55,87.14,Good
2026-09-08 22:03:38,87.14,Good
2026-09-08 22:04:21,87.14,Good
2026-09-08 22:04:24,87.14,Good
2026-09-08 22:04:29,87.14,Good
2026-09-08 22:04:32,87.14,Good
2026-09-08 22:05:23,87.14,Good
2026-09-08 22:05:33,87.14,Good
2026-09-08 22:08:56,86.75,Good
2026-09-08 22:13:00,87.14,Good
2026-09-08 22:14:06,87.14,Good
2026-09-08 22:15:18,86.75,Good
